id,name,lon,lat
1,1,-80.105689,26.978007
2,2,-80.120944,26.978599
3,3,-80.111889,26.961544
4,4,-80.094907,26.953608
5,5,-80.098418,26.964653
6,6,-80.0898,26.967871
7,7,-80.087577,26.962288
8,8,-80.083415,26.964761
9,9,-80.081994,26.957648
10,10,-80.078838,26.960823
11,11,-80.075726,26.948192
12,12,-80.08202,26.951695
13,13,-80.086324,26.956316
14,14,-80.087166,26.949329
15,15,-80.141423,26.945237
16,16,-80.13226,26.968728
17,17,-80.128446,26.947079
18,18,-80.112938,26.943695
19,19,-80.100282,26.945276
20,20,-80.09771,26.937799
21,21,-80.105743,26.937749
22,22,-80.119489,26.936862
23,23,-80.137556,26.914809
24,24,-80.122249,26.914466
25,25,-80.123571,26.902634
26,26,-80.134976,26.908026
27,27,-80.11444,26.885707
28,28,-80.118026,26.875475
29,29,-80.125748,26.872134
30,30,-80.124427,26.851099
31,31,-80.10396,26.840567
32,32,-80.101093,26.850164
33,33,-80.106857,26.850559
34,34,-80.11038,26.881141
35,35,-80.10002,26.873585
36,36,-80.099603,26.884682
37,37,-80.106166,26.884722
38,38,-80.107733,26.900452
39,39,-80.098911,26.903926
40,40,-80.098264,26.92284
41,41,-80.104178,26.923213
42,42,-80.103997,26.929857
43,43,-80.097946,26.930259
44,44,-80.089127,26.935607
45,45,-80.087121,26.924088
46,46,-80.086223,26.90588
47,47,-80.076592,26.885112
48,48,-80.086218,26.875659
49,49,-80.06848,26.874926
50,50,-80.090603,26.856402
51,51,-80.085499,26.848131
52,52,-80.074139,26.846511
53,53,-80.069114,26.84663
54,54,-80.083047,26.939891
55,55,-80.08159,26.935641
56,56,-80.07953,26.943446
57,57,-80.070352,26.929089
58,58,-80.077093,26.930571
59,59,-80.078685,26.926051
60,60,-80.068469,26.917343
61,61,-80.071173,26.904015
62,62,-80.063146,26.904909
63,63,-80.05714,26.889045
64,64,-80.067457,26.893973
65,65,-80.061443,26.875957
66,66,-80.052694,26.873481
67,67,-80.061311,26.862852
68,68,-80.051466,26.863091
69,69,-80.051909,26.857595
70,70,-80.058988,26.848022
71,71,-80.049482,26.845289
72,72,-80.05859,26.840073
73,73,-80.057778,26.833592
74,74,-80.058132,26.828111
75,75,-80.045022,26.820595
76,76,-80.039487,26.800289
77,77,-80.033222,26.789312
78,78,-80.040499,26.790795
79,79,-80.040542,26.776756
80,80,-80.062939,26.850712
81,81,-80.063911,26.840746
82,82,-80.068849,26.842888
83,83,-80.063961,26.824496
84,84,-80.055648,26.820448
85,85,-80.062287,26.813096
86,86,-80.070842,26.810568
87,87,-80.070755,26.820649
88,88,-80.085586,26.843182
89,89,-80.079821,26.841475
90,90,-80.074321,26.844091
91,91,-80.081758,26.834537
92,92,-80.083748,26.823216
93,93,-80.076565,26.820901
94,94,-80.076755,26.812506
95,95,-80.120798,26.823891
96,96,-80.119472,26.812531
97,97,-80.110118,26.811672
98,98,-80.101582,26.826212
99,99,-80.102439,26.836413
100,100,-80.097718,26.840343
101,101,-80.093698,26.826498
102,102,-80.090975,26.819798
103,103,-80.101824,26.820293
104,104,-80.102141,26.813011
105,105,-80.095119,26.812705
106,106,-80.081954,26.811743
107,107,-80.094321,26.804598
108,108,-80.102997,26.801405
109,109,-80.110646,26.801743
110,110,-80.127793,26.801137
111,111,-80.110698,26.784317
112,112,-80.102939,26.790647
113,113,-80.095121,26.788569
114,114,-80.102135,26.779079
115,115,-80.10228,26.770712
116,116,-80.113665,26.780886
117,117,-80.125363,26.777864
118,118,-80.125315,26.763079
119,119,-80.112389,26.762486
120,120,-80.097579,26.762511
121,121,-80.070298,26.80358
122,122,-80.06854,26.796004
123,123,-80.057889,26.805603
124,124,-80.053141,26.811547
125,125,-80.051805,26.806055
126,126,-80.050138,26.787699
127,127,-80.056585,26.788253
128,128,-80.066262,26.78865
129,129,-80.073079,26.783176
130,130,-80.078881,26.804097
131,131,-80.085581,26.799954
132,132,-80.086752,26.784245
133,133,-80.095349,26.781302
134,134,-80.088564,26.779572
135,135,-80.07473,26.777099
136,136,-80.06721,26.775775
137,137,-80.065751,26.766463
138,138,-80.086961,26.767257
139,139,-80.090769,26.761726
140,140,-80.078135,26.756942
141,141,-80.076301,26.761261
142,142,-80.063251,26.758706
143,143,-80.057845,26.76751
144,144,-80.058768,26.772329
145,145,-80.059946,26.778898
146,146,-80.050335,26.780515
147,147,-80.051858,26.774592
148,148,-80.052274,26.767123
149,149,-80.052215,26.757837
150,150,-80.057714,26.758232
151,151,-80.058271,26.749604
152,152,-80.052468,26.749495
153,153,-80.050165,26.741523
154,154,-80.055836,26.741293
155,155,-80.061526,26.738174
156,156,-80.063218,26.749825
157,157,-80.067322,26.743143
158,158,-80.080604,26.750415
159,159,-80.08933,26.756467
160,160,-80.081139,26.738136
161,161,-80.080543,26.726192
162,162,-80.088227,26.724007
163,163,-80.091373,26.718061
164,164,-80.101098,26.707898
165,165,-80.105519,26.709978
166,166,-80.113875,26.716608
167,167,-80.106488,26.719226
168,168,-80.096581,26.723323
169,169,-80.114211,26.733224
170,170,-80.113773,26.743389
171,171,-80.096233,26.753558
172,172,-80.113058,26.755254
173,173,-80.125879,26.755894
174,174,-80.122518,26.729285
175,175,-80.128696,26.714341
176,176,-80.096586,26.707647
177,177,-80.090222,26.717004
178,178,-80.088334,26.712936
179,179,-80.090066,26.707543
180,180,-80.081408,26.707305
181,181,-80.082546,26.710346
182,182,-80.086336,26.721234
183,183,-80.081351,26.722472
184,184,-80.075861,26.711535
185,185,-80.066643,26.709994
186,186,-80.065462,26.722257
187,187,-80.071911,26.719138
188,188,-80.07116,26.729344
189,189,-80.065684,26.734304
190,190,-80.061289,26.733934
191,191,-80.055285,26.73205
192,192,-80.050097,26.731595
193,193,-80.051091,26.718135
194,194,-80.054687,26.722259
195,195,-80.059527,26.715416
196,196,-80.05267,26.715223
197,197,-80.051131,26.715619
198,198,-80.056143,26.713944
199,199,-80.057085,26.709541
200,200,-80.052801,26.709858
201,201,-80.051217,26.709018
202,202,-80.050825,26.703894
203,203,-80.052986,26.703823
204,204,-80.059264,26.700079
205,205,-80.059113,26.693376
206,206,-80.066038,26.700231
207,207,-80.071115,26.694454
208,208,-80.070739,26.703695
209,209,-80.073838,26.700469
210,210,-80.07667,26.694818
211,211,-80.090966,26.704748
212,212,-80.109072,26.70497
213,213,-80.100121,26.695732
214,214,-80.08831,26.694625
215,215,-80.079655,26.695753
216,216,-80.072916,26.69179
217,217,-80.14093,26.703164
218,218,-80.140277,26.696364
219,219,-80.132039,26.696159
220,220,-80.131782,26.703534
221,221,-80.122767,26.702444
222,222,-80.116916,26.70515
223,223,-80.112826,26.70495
224,224,-80.114012,26.695747
225,225,-80.123755,26.697816
226,226,-80.149312,26.681658
227,227,-80.132484,26.688818
228,228,-80.132796,26.681615
229,229,-80.124332,26.681438
230,230,-80.124088,26.688606
231,231,-80.115861,26.688387
232,232,-80.116111,26.68121
233,233,-80.107932,26.680983
234,234,-80.107444,26.688805
235,235,-80.095796,26.68789
236,236,-80.095704,26.680636
237,237,-80.0728,26.679171
238,238,-80.080794,26.686286
239,239,-80.077936,26.689743
240,240,-80.071759,26.686867
241,241,-80.069119,26.687614
242,242,-80.065388,26.686386
243,243,-80.059306,26.686656
244,244,-80.054262,26.686293
245,245,-80.0497,26.686186
246,246,-80.049413,26.67217
247,247,-80.041815,26.74611
248,248,-80.040629,26.720087
249,249,-80.038937,26.708644
250,250,-80.037165,26.714929
251,251,-80.044202,26.715556
252,252,-80.04375,26.709288
253,253,-80.035048,26.708855
254,254,-80.034787,26.702774
255,255,-80.041523,26.702843
256,256,-80.040554,26.688232
257,257,-80.04079,26.662325
258,258,-80.040047,26.630055
259,259,-80.047823,26.649479
260,260,-80.048731,26.664763
261,261,-80.055112,26.664918
262,262,-80.054793,26.650484
263,263,-80.05748,26.647812
264,264,-80.064123,26.650116
265,265,-80.067633,26.660806
266,266,-80.061205,26.6598
267,267,-80.060684,26.670675
268,268,-80.067198,26.670953
269,269,-80.074896,26.672635
270,270,-80.082175,26.670668
271,271,-80.075877,26.663796
272,272,-80.084127,26.664067
273,273,-80.091885,26.664084
274,274,-80.095941,26.67138
275,275,-80.095719,26.67528
276,276,-80.11115,26.675649
277,277,-80.10642,26.666191
278,278,-80.116634,26.666388
279,279,-80.11427,26.675718
280,280,-80.124431,26.674133
281,281,-80.124399,26.666631
282,282,-80.136612,26.666963
283,283,-80.136824,26.674437
284,284,-80.159143,26.674324
285,285,-80.132356,26.659541
286,286,-80.124499,26.659222
287,287,-80.116677,26.65904
288,288,-80.114513,26.653492
289,289,-80.124542,26.653749
290,290,-80.132633,26.654038
291,291,-80.143486,26.645131
292,292,-80.124778,26.644584
293,293,-80.116948,26.636959
294,294,-80.106351,26.653287
295,295,-80.108501,26.658854
296,296,-80.092266,26.658366
297,297,-80.10025,26.653103
298,298,-80.10019,26.649459
299,299,-80.108428,26.644089
300,300,-80.108719,26.636661
301,301,-80.100624,26.636402
302,302,-80.092508,26.636155
303,303,-80.092141,26.645169
304,304,-80.084085,26.643272
305,305,-80.087477,26.635949
306,306,-80.076796,26.642949
307,307,-80.083951,26.6489
308,308,-80.08418,26.658153
309,309,-80.076026,26.657282
310,310,-80.076188,26.649975
311,311,-80.071296,26.650353
312,312,-80.071867,26.639101
313,313,-80.072529,26.630391
314,314,-80.064165,26.638509
315,315,-80.063794,26.629576
316,316,-80.070669,26.624583
317,317,-80.078024,26.62223
318,318,-80.085188,26.622087
319,319,-80.086732,26.626603
320,320,-80.092657,26.630562
321,321,-80.090366,26.622128
322,322,-80.101165,26.621575
323,323,-80.100785,26.630861
324,324,-80.108954,26.631171
325,325,-80.109312,26.621953
326,326,-80.118061,26.60575
327,327,-80.117947,26.609455
328,328,-80.117742,26.614957
329,329,-80.117469,26.622308
330,330,-80.11711,26.631321
331,331,-80.125635,26.625055
332,332,-80.133542,26.63266
333,333,-80.141895,26.6329
334,334,-80.142397,26.622886
335,335,-80.126057,26.613422
336,336,-80.126302,26.606025
337,337,-80.164779,26.659362
338,338,-80.149273,26.656783
339,339,-80.149665,26.642026
340,340,-80.166316,26.64151
341,341,-80.166218,26.628627
342,342,-80.153868,26.624325
343,343,-80.161279,26.621227
344,344,-80.169954,26.621176
345,345,-80.169479,26.609944
346,346,-80.160808,26.610029
347,347,-80.165138,26.596315
348,348,-80.151938,26.596233
349,349,-80.142785,26.595907
350,350,-80.128303,26.600431
351,351,-80.118489,26.596286
352,352,-80.151725,26.61035
353,353,-80.13428,26.613197
354,354,-80.134496,26.60974
355,355,-80.138973,26.606069
356,356,-80.109602,26.614568
357,357,-80.109803,26.60903
358,358,-80.101294,26.604907
359,359,-80.10374,26.596067
360,360,-80.093159,26.604572
361,361,-80.101671,26.608616
362,362,-80.101463,26.614188
363,363,-80.09533,26.615832
364,364,-80.085771,26.613162
365,365,-80.077978,26.613689
366,366,-80.08365,26.605857
367,367,-80.083952,26.595034
368,368,-80.073252,26.594056
369,369,-80.073658,26.60578
370,370,-80.072152,26.615772
371,371,-80.062383,26.61272
372,372,-80.064276,26.60502
373,373,-80.06259,26.597727
374,374,-80.054417,26.641617
375,375,-80.055571,26.629331
376,376,-80.055825,26.620253
377,377,-80.055941,26.616235
378,378,-80.056025,26.611551
379,379,-80.055694,26.605128
380,380,-80.054246,26.598507
381,381,-80.047714,26.641458
382,382,-80.047688,26.620181
383,383,-80.048286,26.61226
384,384,-80.048305,26.604728
385,385,-80.040511,26.602971
386,386,-80.044073,26.574357
387,387,-80.046504,26.550924
388,388,-80.048583,26.536416
389,389,-80.051387,26.520851
390,390,-80.053185,26.511069
391,391,-80.05496,26.499436
392,392,-80.057628,26.482982
393,393,-80.055297,26.590361
394,394,-80.048913,26.590425
395,395,-80.061182,26.583287
396,396,-80.049648,26.578682
397,397,-80.061952,26.57582
398,398,-80.068422,26.565109
399,399,-80.060386,26.564868
400,400,-80.050678,26.567368
401,401,-80.052534,26.550528
402,402,-80.061256,26.553679
403,403,-80.06197,26.544933
404,404,-80.06927,26.543881
405,405,-80.068896,26.554264
406,406,-80.074794,26.579438
407,407,-80.085029,26.575969
408,408,-80.085464,26.584159
409,409,-80.091631,26.575816
410,410,-80.094564,26.583092
411,411,-80.101596,26.575323
412,412,-80.101366,26.583529
413,413,-80.109267,26.583858
414,414,-80.109289,26.575494
415,415,-80.111604,26.57006
416,416,-80.093694,26.568251
417,417,-80.086483,26.565459
418,418,-80.076858,26.564552
419,419,-80.072961,26.554393
420,420,-80.073552,26.545313
421,421,-80.078102,26.547549
422,422,-80.082495,26.552375
423,423,-80.088093,26.553836
424,424,-80.08815,26.543046
425,425,-80.100389,26.549162
426,426,-80.094635,26.5538
427,427,-80.110526,26.546159
428,428,-80.118888,26.549165
429,429,-80.114566,26.553716
430,430,-80.118713,26.560871
431,431,-80.126767,26.560723
432,432,-80.121835,26.568318
433,433,-80.118414,26.57565
434,434,-80.125656,26.575814
435,435,-80.116735,26.583242
436,436,-80.126361,26.584036
437,437,-80.13816,26.579646
438,438,-80.152407,26.588442
439,439,-80.151436,26.565
440,440,-80.138089,26.568579
441,441,-80.125017,26.553845
442,442,-80.15595,26.545921
443,443,-80.151531,26.53367
444,444,-80.136354,26.533702
445,445,-80.126901,26.531626
446,446,-80.127052,26.524381
447,447,-80.127225,26.517048
448,448,-80.135094,26.524319
449,449,-80.152702,26.52375
450,450,-80.16843,26.525091
451,451,-80.168463,26.5052
452,452,-80.155631,26.509102
453,453,-80.14305,26.506042
454,454,-80.127244,26.509724
455,455,-80.127014,26.495044
456,456,-80.135063,26.494988
457,457,-80.155637,26.494407
458,458,-80.168498,26.490698
459,459,-80.168778,26.476002
460,460,-80.159311,26.478168
461,461,-80.13484,26.48007
462,462,-80.126656,26.480315
463,463,-80.126608,26.472881
464,464,-80.126988,26.464494
465,465,-80.133063,26.463794
466,466,-80.155211,26.461326
467,467,-80.167402,26.464994
468,468,-80.165324,26.442257
469,469,-80.150932,26.446485
470,470,-80.134654,26.450114
471,471,-80.13394,26.455502
472,472,-80.126593,26.455832
473,473,-80.126496,26.45017
474,474,-80.138521,26.442833
475,475,-80.126322,26.442895
476,476,-80.126222,26.437375
477,477,-80.132602,26.437059
478,478,-80.162761,26.433367
479,479,-80.114686,26.53539
480,480,-80.102556,26.535413
481,481,-80.0946,26.535512
482,482,-80.087649,26.535404
483,483,-80.080295,26.53496
484,484,-80.075256,26.534458
485,485,-80.08754,26.529807
486,486,-80.092033,26.529667
487,487,-80.102605,26.529569
488,488,-80.113037,26.529566
489,489,-80.111635,26.526224
490,490,-80.101502,26.520507
491,491,-80.119017,26.502523
492,492,-80.105573,26.502632
493,493,-80.093125,26.502919
494,494,-80.083944,26.503473
495,495,-80.076879,26.511431
496,496,-80.084348,26.510232
497,497,-80.093412,26.510378
498,498,-80.094368,26.517468
499,499,-80.085507,26.518172
500,500,-80.076211,26.51875
501,501,-80.069037,26.528038
502,502,-80.069212,26.534029
503,503,-80.061258,26.537212
504,504,-80.061657,26.532171
505,505,-80.056194,26.530684
506,506,-80.05665,26.528001
507,507,-80.061944,26.528018
508,508,-80.068616,26.520816
509,509,-80.062382,26.521576
510,510,-80.05963,26.520511
511,511,-80.056088,26.52411
512,512,-80.057806,26.51082
513,513,-80.060867,26.510865
514,514,-80.063621,26.510549
515,515,-80.069895,26.511094
516,516,-80.074869,26.501283
517,517,-80.06682,26.50195
518,518,-80.068209,26.494666
519,519,-80.062995,26.497292
520,520,-80.060184,26.495378
521,521,-80.062217,26.487584
522,522,-80.064413,26.476305
523,523,-80.064834,26.471725
524,524,-80.065396,26.462602
525,525,-80.065565,26.459923
526,526,-80.067207,26.442638
527,527,-80.067774,26.435643
528,528,-80.071311,26.431546
529,529,-80.069523,26.422703
530,530,-80.069028,26.483256
531,531,-80.066995,26.479205
532,532,-80.069437,26.476812
533,533,-80.070992,26.47168
534,534,-80.068,26.471396
535,535,-80.068612,26.462557
536,536,-80.071644,26.462576
537,537,-80.071828,26.459907
538,538,-80.068804,26.459781
539,539,-80.070217,26.445603
540,540,-80.071394,26.442177
541,541,-80.11886,26.495073
542,542,-80.11865,26.487663
543,543,-80.118527,26.480277
544,544,-80.118463,26.47478
545,545,-80.118423,26.471112
546,546,-80.110188,26.471168
547,547,-80.110261,26.474765
548,548,-80.100682,26.478494
549,549,-80.099211,26.471215
550,550,-80.091401,26.470625
551,551,-80.088727,26.478558
552,552,-80.09269,26.47876
553,553,-80.1022,26.491407
554,554,-80.085905,26.492731
555,555,-80.077623,26.490361
556,556,-80.079742,26.472395
557,557,-80.085477,26.471982
558,558,-80.086211,26.46599
559,559,-80.078415,26.463522
560,560,-80.086064,26.454306
561,561,-80.077073,26.457983
562,562,-80.078964,26.443848
563,563,-80.07523,26.441869
564,564,-80.087036,26.44326
565,565,-80.091645,26.443146
566,566,-80.094685,26.442837
567,567,-80.094833,26.452555
568,568,-80.092306,26.456943
569,569,-80.092369,26.465155
570,570,-80.094817,26.463688
571,571,-80.098087,26.464305
572,572,-80.107053,26.467124
573,573,-80.118427,26.467354
574,574,-80.121616,26.463537
575,575,-80.120136,26.459741
576,576,-80.115991,26.459735
577,577,-80.108905,26.463073
578,578,-80.10778,26.459584
579,579,-80.114235,26.44956
580,580,-80.101291,26.452256
581,581,-80.101497,26.442869
582,582,-80.113551,26.44411
583,583,-80.104062,26.437666
584,584,-80.095661,26.437213
585,585,-80.091583,26.432039
586,586,-80.087344,26.437613
587,587,-80.078981,26.43613
588,588,-80.073215,26.435423
589,589,-80.07869,26.428279
590,590,-80.094065,26.431706
591,591,-80.11645,26.434888
592,592,-80.111686,26.427749
593,593,-80.11409,26.417901
594,594,-80.096283,26.421307
595,595,-80.094062,26.41419
596,596,-80.096337,26.401131
597,597,-80.106085,26.399195
598,598,-80.110553,26.390292
599,599,-80.127602,26.390548
600,600,-80.122706,26.401817
601,601,-80.125789,26.416919
602,602,-80.138029,26.413076
603,603,-80.162031,26.416737
604,604,-80.160496,26.401042
605,605,-80.136774,26.408206
606,606,-80.150478,26.390779
607,607,-80.159664,26.380616
608,608,-80.141597,26.370604
609,609,-80.133999,26.383198
610,610,-80.138117,26.390552
611,611,-80.125387,26.384077
612,612,-80.125266,26.376885
613,613,-80.133026,26.376144
614,614,-80.13334,26.37048
615,615,-80.125225,26.370383
616,616,-80.116294,26.381726
617,617,-80.099299,26.37478
618,618,-80.100443,26.388342
619,619,-80.088711,26.398312
620,620,-80.086205,26.406231
621,621,-80.085849,26.419442
622,622,-80.079027,26.421157
623,623,-80.080867,26.40601
624,624,-80.082002,26.398319
625,625,-80.083024,26.39016
626,626,-80.090827,26.390583
627,627,-80.090347,26.38405
628,628,-80.084232,26.381442
629,629,-80.090151,26.377937
630,630,-80.086673,26.371432
631,631,-80.091531,26.371814
632,632,-80.093117,26.365156
633,633,-80.088028,26.365027
634,634,-80.088305,26.359301
635,635,-80.09188,26.355933
636,636,-80.095985,26.356006
637,637,-80.094529,26.346546
638,638,-80.090224,26.346197
639,639,-80.075632,26.420102
640,640,-80.072413,26.418994
641,641,-80.07775,26.405612
642,642,-80.075206,26.401456
643,643,-80.071431,26.407146
644,644,-80.071671,26.401545
645,645,-80.073381,26.396392
646,646,-80.078378,26.398098
647,647,-80.079141,26.390093
648,648,-80.073621,26.390432
649,649,-80.073904,26.380058
650,650,-80.079845,26.38053
651,651,-80.080821,26.371545
652,652,-80.074629,26.368762
653,653,-80.059712,26.468033
654,654,-80.061191,26.458035
655,655,-80.062075,26.44755
656,656,-80.063391,26.433588
657,657,-80.067739,26.39673
658,658,-80.068479,26.388655
659,659,-80.071638,26.358212
660,660,-80.072501,26.344516
661,661,-80.076085,26.330651
662,662,-80.075806,26.360249
663,663,-80.083474,26.363595
664,664,-80.085057,26.360116
665,665,-80.080594,26.35742
666,666,-80.085612,26.354814
667,667,-80.087413,26.347716
668,668,-80.084767,26.347558
669,669,-80.080606,26.349882
670,670,-80.080065,26.344636
671,671,-80.087728,26.34301
672,672,-80.08883,26.336671
673,673,-80.08356,26.334861
674,674,-80.084825,26.325733
675,675,-80.094071,26.326528
676,676,-80.15999,26.366779
677,677,-80.162213,26.361134
678,678,-80.162675,26.353678
679,679,-80.162361,26.346429
680,680,-80.162222,26.337087
681,681,-80.161985,26.32973
682,682,-80.140897,26.329865
683,683,-80.122696,26.329905
684,684,-80.123892,26.337644
685,685,-80.132324,26.339135
686,686,-80.144245,26.337499
687,687,-80.141231,26.34729
688,688,-80.124566,26.347399
689,689,-80.124701,26.354244
690,690,-80.132739,26.356261
691,691,-80.144504,26.353965
692,692,-80.144645,26.360938
693,693,-80.150299,26.366017
694,694,-80.141743,26.366848
695,695,-80.132985,26.365194
696,696,-80.132233,26.359743
697,697,-80.126135,26.365049
698,698,-80.122483,26.362255
699,699,-80.117982,26.359699
700,700,-80.117855,26.364925
701,701,-80.112971,26.365999
702,702,-80.112585,26.359454
703,703,-80.101773,26.36342
704,704,-80.100482,26.359535
705,705,-80.101301,26.353971
706,706,-80.107108,26.354013
707,707,-80.114927,26.355633
708,708,-80.115628,26.35233
709,709,-80.114533,26.347427
710,710,-80.10766,26.347385
711,711,-80.100935,26.347215
712,712,-80.10103,26.341898
713,713,-80.099873,26.337467
714,714,-80.107409,26.339901
715,715,-80.114265,26.339936
716,716,-80.119141,26.343068
717,717,-80.113989,26.333832
718,718,-80.11379,26.32993
719,719,-80.106295,26.32997
720,720,-80.10634,26.333867
721,721,-80.098791,26.333162
722,722,-80.099431,26.32952
723,723,-80.096057,26.327683
724,724,-80.093551,26.336131
725,725,-80.328309,26.667607
726,726,-80.317171,26.636938
727,727,-80.254956,26.672611
728,728,-80.246841,26.651556
729,729,-80.245015,26.664351
730,730,-80.227924,26.659127
731,731,-80.226556,26.673605
732,732,-80.214658,26.676302
733,733,-80.183539,26.665793
734,734,-80.180697,26.640229
735,735,-80.194284,26.64222
736,736,-80.211753,26.645565
737,737,-80.213188,26.614646
738,738,-80.198163,26.610222
739,739,-80.182916,26.609367
740,740,-80.180283,26.585675
741,741,-80.201298,26.580782
742,742,-80.223977,26.555463
743,743,-80.201432,26.567545
744,744,-80.181443,26.561261
745,745,-80.178761,26.533394
746,746,-80.200953,26.533191
747,747,-80.214949,26.517935
748,748,-80.196713,26.516406
749,749,-80.176642,26.524005
750,750,-80.180734,26.505195
751,751,-80.196633,26.505233
752,752,-80.213223,26.490831
753,753,-80.19663,26.494003
754,754,-80.180787,26.490701
755,755,-80.180899,26.476418
756,756,-80.196055,26.476075
757,757,-80.212826,26.474829
758,758,-80.199889,26.457397
759,759,-80.181486,26.461249
760,760,-80.181482,26.448129
761,761,-80.192082,26.449891
762,762,-80.180583,26.432928
763,763,-80.195626,26.431034
764,764,-80.218029,26.427177
765,765,-80.195425,26.420056
766,766,-80.179484,26.420192
767,767,-80.179268,26.412552
768,768,-80.179177,26.406056
769,769,-80.195003,26.407882
770,770,-80.179157,26.397821
771,771,-80.179282,26.386806
772,772,-80.1953,26.386619
773,773,-80.195074,26.375317
774,774,-80.17707,26.375528
775,775,-80.172801,26.369722
776,776,-80.190743,26.369737
777,777,-80.207848,26.378606
778,778,-80.228899,26.357097
779,779,-80.191299,26.341473
780,780,-80.20722,26.331457
781,781,-80.207086,26.341832
782,782,-80.211301,26.35674
783,783,-80.190599,26.355919
784,784,-80.188678,26.366026
785,785,-80.173101,26.366574
786,786,-80.178829,26.354955
787,787,-80.178942,26.345674
788,788,-80.198534,26.339627
789,789,-80.179574,26.336801
790,790,-80.178815,26.329732
791,791,-80.267426,26.928058
792,792,-80.208023,26.920123
793,793,-80.247982,26.88849
794,794,-80.21354,26.866758
795,795,-80.209278,26.890374
796,796,-80.155231,26.889594
797,797,-80.15238,26.874546
798,798,-80.147792,26.852932
799,799,-80.174041,26.830811
800,800,-80.135492,26.831872
801,801,-80.13925,26.80521
802,802,-80.140407,26.775789
803,803,-80.139654,26.729522
804,804,-80.204027,26.711241
805,805,-80.220875,26.721318
806,806,-80.238314,26.712735
807,807,-80.311839,26.700261
808,808,-80.322122,26.69575
809,809,-80.322196,26.715886
810,810,-80.252766,26.684936
811,811,-80.230057,26.686377
812,812,-80.223984,26.699338
813,813,-80.213084,26.704171
814,814,-80.222689,26.68625
815,815,-80.206128,26.682264
816,816,-80.210343,26.693997
817,817,-80.192165,26.699241
818,818,-80.164969,26.701572
819,819,-80.154579,26.698816
820,820,-80.169512,26.682065
821,821,-80.189017,26.684239
822,822,-80.355427,26.919876
823,823,-80.273901,26.873736
824,824,-80.280542,26.839309
825,825,-80.211092,26.826608
826,826,-80.205738,26.78873
827,827,-80.325998,26.950667
828,828,-80.309609,26.928778
829,829,-80.271212,26.94993
830,830,-80.272846,26.90474
831,831,-80.237581,26.918602
832,832,-80.207099,26.949485
833,833,-80.174064,26.945916
834,834,-80.183703,26.918452
835,835,-80.165839,26.926141
836,836,-80.157532,26.908246
837,837,-80.127877,26.961175
838,838,-80.115672,26.950039
839,839,-80.13129,26.936072
840,840,-80.130458,26.939182
841,841,-80.136952,26.935774
842,842,-80.132557,26.929934
843,843,-80.122282,26.930329
844,844,-80.114116,26.930138
845,845,-80.130527,26.922648
846,846,-80.184688,26.88939
847,847,-80.183608,26.858655
848,848,-80.16884,26.858321
849,849,-80.123115,26.863176
850,850,-80.113097,26.862236
851,851,-80.109102,26.843426
852,852,-80.182313,26.820041
853,853,-80.227913,26.849523
854,854,-80.256674,26.825157
855,855,-80.254182,26.851904
856,856,-80.338402,26.857734
857,857,-80.364876,26.790941
858,858,-80.313821,26.806666
859,859,-80.269239,26.803703
860,860,-80.236865,26.803532
861,861,-80.222267,26.773315
862,862,-80.270821,26.772761
863,863,-80.37138,26.717429
864,864,-80.294035,26.753539
865,865,-80.271106,26.720938
866,866,-80.270813,26.685308
867,867,-80.239288,26.75854
868,868,-80.222971,26.758515
869,869,-80.192661,26.716347
870,870,-80.159786,26.715359
871,871,-80.144774,26.715529
872,872,-80.083035,26.755627
873,873,-80.098036,26.739006
874,874,-80.105363,26.743066
875,875,-80.182181,26.681997
876,876,-80.159578,26.667705
877,877,-80.244751,26.629553
878,878,-80.245917,26.607592
879,879,-80.107113,26.509959
880,880,-80.1952,26.412526
881,881,-80.215978,26.404738
882,882,-80.197126,26.362282
883,883,-80.199273,26.356711
884,884,-80.236458,26.703459
885,885,-80.139177,26.930741
886,886,-80.14323,26.923419
887,887,-80.130864,26.889091
888,888,-80.100575,26.858876
889,889,-80.107998,26.858676
890,890,-80.075198,26.869918
891,891,-80.064479,26.886585
892,892,-80.079234,26.825979
893,893,-80.107806,26.833569
894,894,-80.088518,26.81295
895,895,-80.088605,26.805052
896,896,-80.102366,26.807065
897,897,-80.10529,26.762714
898,898,-80.066342,26.770311
899,899,-80.075074,26.771523
900,900,-80.075458,26.766852
901,901,-80.069469,26.750923
902,902,-80.0861,26.75661
903,903,-80.100255,26.712699
904,904,-80.106315,26.725795
905,905,-80.105207,26.754012
906,906,-80.04964,26.693242
907,907,-80.054168,26.693328
908,908,-80.057847,26.704299
909,909,-80.099126,26.704963
910,910,-80.104989,26.704993
911,911,-80.099245,26.701155
912,912,-80.091106,26.700905
913,913,-80.108695,26.695948
914,914,-80.152797,26.688232
915,915,-80.141184,26.688856
916,916,-80.141174,26.681642
917,917,-80.066705,26.679483
918,918,-80.059911,26.67959
919,919,-80.054898,26.67879
920,920,-80.049686,26.678874
921,921,-80.097813,26.666498
922,922,-80.141406,26.653893
923,923,-80.140746,26.650269
924,924,-80.132977,26.644825
925,925,-80.125168,26.63723
926,926,-80.139717,26.637536
927,927,-80.100374,26.658611
928,928,-80.066588,26.62217
929,929,-80.062109,26.622209
930,930,-80.135842,26.595796
931,931,-80.06392,26.590718
932,932,-80.101486,26.568245
933,933,-80.103297,26.560803
934,934,-80.095669,26.560896
935,935,-80.088382,26.548375
936,936,-80.091833,26.543287
937,937,-80.10322,26.553822
938,938,-80.110594,26.540664
939,939,-80.118724,26.542457
940,940,-80.13912,26.588239
941,941,-80.166006,26.588551
942,942,-80.165001,26.579729
943,943,-80.151274,26.579704
944,944,-80.164786,26.562622
945,945,-80.138809,26.56088
946,946,-80.138794,26.553724
947,947,-80.135429,26.545065
948,948,-80.126823,26.544352
949,949,-80.167336,26.550747
950,950,-80.159896,26.533618
951,951,-80.144325,26.533098
952,952,-80.143202,26.524316
953,953,-80.143182,26.516895
954,954,-80.1352,26.516955
955,955,-80.161932,26.524141
956,956,-80.159847,26.516387
957,957,-80.151594,26.516542
958,958,-80.168481,26.517365
959,959,-80.127169,26.502385
960,960,-80.126799,26.487683
961,961,-80.143174,26.49495
962,962,-80.143099,26.487605
963,963,-80.134933,26.48764
964,964,-80.15992,26.486695
965,965,-80.155123,26.470771
966,966,-80.144044,26.480159
967,967,-80.14295,26.472715
968,968,-80.134732,26.472613
969,969,-80.142942,26.465108
970,970,-80.143033,26.457547
971,971,-80.14283,26.450174
972,972,-80.126072,26.429892
973,973,-80.132032,26.427947
974,974,-80.143073,26.433509
975,975,-80.119976,26.524208
976,976,-80.114968,26.518659
977,977,-80.106411,26.519952
978,978,-80.106375,26.434153
979,979,-80.110405,26.410519
980,980,-80.126272,26.408351
981,981,-80.138151,26.420496
982,982,-80.137431,26.430254
983,983,-80.150327,26.405646
984,984,-80.134171,26.400807
985,985,-80.144641,26.398062
986,986,-80.110535,26.376288
987,987,-80.269475,26.665131
988,988,-80.276625,26.675547
989,989,-80.291295,26.675398
990,990,-80.291906,26.660512
991,991,-80.279102,26.660006
992,992,-80.2693,26.656369
993,993,-80.263007,26.657682
994,994,-80.254306,26.660812
995,995,-80.255698,26.647072
996,996,-80.264474,26.646747
997,997,-80.277249,26.64539
998,998,-80.292692,26.638426
999,999,-80.277948,26.630588
1000,1000,-80.26139,26.630099
1001,1001,-80.260315,26.639426
1002,1002,-80.244434,26.641899
1003,1003,-80.244945,26.67187
1004,1004,-80.237359,26.652216
1005,1005,-80.228772,26.644303
1006,1006,-80.207005,26.660754
1007,1007,-80.214037,26.654532
1008,1008,-80.20486,26.652517
1009,1009,-80.200984,26.677587
1010,1010,-80.200672,26.66554
1011,1011,-80.192518,26.652622
1012,1012,-80.182296,26.628345
1013,1013,-80.185582,26.620953
1014,1014,-80.178105,26.620929
1015,1015,-80.197085,26.628252
1016,1016,-80.201514,26.621019
1017,1017,-80.194093,26.620702
1018,1018,-80.211953,26.625408
1019,1019,-80.228464,26.625498
1020,1020,-80.229047,26.614329
1021,1021,-80.213472,26.599105
1022,1022,-80.230097,26.589621
1023,1023,-80.264306,26.595687
1024,1024,-80.19731,26.596653
1025,1025,-80.181548,26.596486
1026,1026,-80.189774,26.578889
1027,1027,-80.197162,26.553684
1028,1028,-80.197014,26.547189
1029,1029,-80.181135,26.553851
1030,1030,-80.180948,26.54449
1031,1031,-80.214027,26.459741
1032,1032,-80.215695,26.445877
1033,1033,-80.219828,26.412794
1034,1034,-80.195654,26.397595
1035,1035,-80.184565,26.369737
1036,1036,-80.201296,26.36973
1037,1037,-80.234616,26.373152
1038,1038,-80.214923,26.368954
1039,1039,-80.205771,26.370999
1040,1040,-80.228759,26.341909
1041,1041,-80.242882,26.357087
1042,1042,-80.269376,26.355636
1043,1043,-80.220768,26.335916
1044,1044,-80.221021,26.344021
1045,1045,-80.221305,26.356193
1046,1046,-80.201168,26.366049
1047,1047,-80.182082,26.366029
1048,1048,-80.170683,26.783764
1049,1049,-80.179477,26.743438
1050,1050,-80.207286,26.743331
1051,1051,-80.240342,26.728318
1052,1052,-80.255239,26.719951
1053,1053,-80.311363,26.715139
1054,1054,-80.310885,26.730518
1055,1055,-80.321775,26.730679
1056,1056,-80.346565,26.731605
1057,1057,-80.334012,26.74547
1058,1058,-80.324958,26.758985
1059,1059,-80.347257,26.697196
1060,1060,-80.346929,26.716975
1061,1061,-80.256191,26.697163
1062,1062,-80.262744,26.685145
1063,1063,-80.20465,26.704498
1064,1064,-80.178199,26.70411
1065,1065,-80.17879,26.695268
1066,1066,-80.281429,26.81824
1067,1067,-80.239108,26.94969
1068,1068,-80.114828,26.849294
1069,1069,-80.312288,26.780876
1070,1070,-80.285589,26.803815
1071,1071,-80.286305,26.787916
1072,1072,-80.269926,26.787781
1073,1073,-80.25298,26.803537
1074,1074,-80.253569,26.787807
1075,1075,-80.237501,26.78782
1076,1076,-80.238454,26.773212
1077,1077,-80.254529,26.773238
1078,1078,-80.290462,26.771741
1079,1079,-80.271229,26.757889
1080,1080,-80.280139,26.73933
1081,1081,-80.285095,26.721196
1082,1082,-80.301714,26.731903
1083,1083,-80.305066,26.714817
1084,1084,-80.274287,26.697458
1085,1085,-80.27896,26.68552
1086,1086,-80.290513,26.685807
1087,1087,-80.290006,26.697697
1088,1088,-80.303619,26.695083
1089,1089,-80.255321,26.758213
1090,1090,-80.255827,26.742961
1091,1091,-80.239717,26.743505
1092,1092,-80.223597,26.743531
1093,1093,-80.176345,26.71585
1094,1094,-80.262057,26.615208
1095,1095,-80.284501,26.616277
1096,1096,-80.120388,26.509852
1097,1097,-80.212455,26.397035
1098,1098,-80.229334,26.394652
1099,1099,-80.216331,26.388182
1100,1100,-80.208726,26.388124
1101,1101,-80.240547,26.697802
1102,1102,-80.240198,26.68302
1103,1103,-80.148869,26.938327
1104,1104,-80.132824,26.981315
1105,1105,-80.144627,26.976406
1106,1106,-80.149999,26.963634
1107,1107,-80.113269,26.711249
1108,1108,-80.050056,26.725281
1109,1109,-80.04915,26.723204
1110,1110,-80.054419,26.71735
1111,1111,-80.054424,26.712879
1112,1112,-80.060527,26.706745
1113,1113,-80.229968,26.732248
1114,1114,-80.230781,26.715528
1115,1115,-80.229968,26.708301
1116,1116,-80.138406,26.616978
1117,1117,-80.14411,26.617369
1118,1118,-80.142767,26.609882
1119,1119,-80.228366,26.633038
1120,1120,-80.087677,26.953503
1121,1121,-80.153372,26.950276
1122,1122,-80.140106,26.964747
1123,1123,-80.137971,26.954541
1124,1124,-80.112799,26.938346
1125,1125,-80.123678,26.888711
1126,1126,-80.115642,26.893132
1127,1127,-80.10031,26.844497
1128,1128,-80.106236,26.881116
1129,1129,-80.106351,26.876969
1130,1130,-80.110506,26.876047
1131,1131,-80.110691,26.868734
1132,1132,-80.106572,26.869607
1133,1133,-80.099575,26.890479
1134,1134,-80.098906,26.895919
1135,1135,-80.105376,26.903418
1136,1136,-80.10731,26.89209
1137,1137,-80.106798,26.907865
1138,1138,-80.09853,26.914831
1139,1139,-80.107972,26.930388
1140,1140,-80.090269,26.940978
1141,1141,-80.092671,26.932862
1142,1142,-80.086253,26.890142
1143,1143,-80.068785,26.867642
1144,1144,-80.069451,26.859676
1145,1145,-80.093089,26.847767
1146,1146,-80.090128,26.85208
1147,1147,-80.077109,26.850801
1148,1148,-80.079515,26.845752
1149,1149,-80.069439,26.852106
1150,1150,-80.072807,26.938438
1151,1151,-80.078121,26.93722
1152,1152,-80.075616,26.934434
1153,1153,-80.078599,26.93312
1154,1154,-80.073736,26.930777
1155,1155,-80.071637,26.923879
1156,1156,-80.075518,26.915145
1157,1157,-80.056641,26.848065
1158,1158,-80.071358,26.841923
1159,1159,-80.069164,26.839053
1160,1160,-80.069494,26.833146
1161,1161,-80.091645,26.841517
1162,1162,-80.085851,26.839544
1163,1163,-80.074339,26.84225
1164,1164,-80.075029,26.839111
1165,1165,-80.091112,26.834756
1166,1166,-80.086778,26.831334
1167,1167,-80.073592,26.834689
1168,1168,-80.088662,26.827131
1169,1169,-80.086263,26.829292
1170,1170,-80.101569,26.831637
1171,1171,-80.095844,26.83445
1172,1172,-80.118852,26.801976
1173,1173,-80.111055,26.790873
1174,1174,-80.103115,26.785221
1175,1175,-80.111946,26.771114
1176,1176,-80.060377,26.801276
1177,1177,-80.05964,26.795531
1178,1178,-80.071819,26.788784
1179,1179,-80.07869,26.789431
1180,1180,-80.080692,26.783713
1181,1181,-80.077424,26.796739
1182,1182,-80.087124,26.790217
1183,1183,-80.094583,26.775262
1184,1184,-80.082159,26.778623
1185,1185,-80.087469,26.773199
1186,1186,-80.081112,26.773058
1187,1187,-80.086741,26.761857
1188,1188,-80.069804,26.75906
1189,1189,-80.067124,26.756794
1190,1190,-80.062106,26.742874
1191,1191,-80.094678,26.714312
1192,1192,-80.098132,26.710466
1193,1193,-80.109621,26.710092
1194,1194,-80.11274,26.7205
1195,1195,-80.116894,26.719746
1196,1196,-80.106484,26.715174
1197,1197,-80.115609,26.72778
1198,1198,-80.111955,26.725268
1199,1199,-80.116563,26.723377
1200,1200,-80.094405,26.757755
1201,1201,-80.129156,26.738088
1202,1202,-80.119908,26.746464
1203,1203,-80.09348,26.71346
1204,1204,-80.096576,26.70999
1205,1205,-80.092439,26.710109
1206,1206,-80.083419,26.719399
1207,1207,-80.085279,26.71678
1208,1208,-80.07878,26.721477
1209,1209,-80.062835,26.712995
1210,1210,-80.063652,26.707674
1211,1211,-80.063462,26.722125
1212,1212,-80.06445,26.717179
1213,1213,-80.065011,26.729362
1214,1214,-80.06502,26.726615
1215,1215,-80.064768,26.725254
1216,1216,-80.062516,26.729471
1217,1217,-80.060305,26.729115
1218,1218,-80.058222,26.729685
1219,1219,-80.059951,26.725982
1220,1220,-80.054899,26.725902
1221,1221,-80.048811,26.717065
1222,1222,-80.051195,26.717418
1223,1223,-80.051223,26.716495
1224,1224,-80.052428,26.723448
1225,1225,-80.052511,26.721191
1226,1226,-80.052582,26.71917
1227,1227,-80.054531,26.719162
1228,1228,-80.06164,26.722467
1229,1229,-80.05863,26.722292
1230,1230,-80.056409,26.721483
1231,1231,-80.056201,26.71789
1232,1232,-80.059529,26.718139
1233,1233,-80.056108,26.715318
1234,1234,-80.054362,26.715272
1235,1235,-80.054398,26.713897
1236,1236,-80.0527,26.713854
1237,1237,-80.051242,26.71478
1238,1238,-80.050272,26.714672
1239,1239,-80.048647,26.715057
1240,1240,-80.048476,26.712206
1241,1241,-80.051272,26.713815
1242,1242,-80.051305,26.71278
1243,1243,-80.051332,26.711771
1244,1244,-80.050111,26.7117
1245,1245,-80.051085,26.710774
1246,1246,-80.057843,26.71399
1247,1247,-80.060326,26.71406
1248,1248,-80.062225,26.712257
1249,1249,-80.060345,26.713044
1250,1250,-80.057867,26.712977
1251,1251,-80.05617,26.712928
1252,1252,-80.056196,26.711926
1253,1253,-80.057893,26.711975
1254,1254,-80.06037,26.712044
1255,1255,-80.060394,26.711058
1256,1256,-80.057919,26.710988
1257,1257,-80.05622,26.710938
1258,1258,-80.058019,26.707213
1259,1259,-80.05631,26.707124
1260,1260,-80.054493,26.709916
1261,1261,-80.054524,26.709
1262,1262,-80.052833,26.70895
1263,1263,-80.054544,26.708049
1264,1264,-80.052846,26.708131
1265,1265,-80.052863,26.707384
1266,1266,-80.054577,26.706973
1267,1267,-80.052854,26.706658
1268,1268,-80.05293,26.705884
1269,1269,-80.054601,26.705955
1270,1270,-80.048432,26.7081
1271,1271,-80.051279,26.707353
1272,1272,-80.051305,26.706601
1273,1273,-80.051326,26.705826
1274,1274,-80.049723,26.7058
1275,1275,-80.049474,26.699708
1276,1276,-80.05463,26.705125
1277,1277,-80.054725,26.702053
1278,1278,-80.053995,26.698026
1279,1279,-80.064689,26.693476
1280,1280,-80.078076,26.702053
1281,1281,-80.08091,26.705566
1282,1282,-80.081693,26.701797
1283,1283,-80.083942,26.702997
1284,1284,-80.085783,26.701811
1285,1285,-80.109181,26.701205
1286,1286,-80.093526,26.697058
1287,1287,-80.091907,26.693523
1288,1288,-80.084369,26.695431
1289,1289,-80.082563,26.69204
1290,1290,-80.125625,26.70464
1291,1291,-80.115406,26.701321
1292,1292,-80.118164,26.69584
1293,1293,-80.123871,26.69416
1294,1294,-80.159203,26.681628
1295,1295,-80.055247,26.672314
1296,1296,-80.048218,26.657718
1297,1297,-80.055136,26.658034
1298,1298,-80.110501,26.666238
1299,1299,-80.118603,26.653586
1300,1300,-80.118522,26.649962
1301,1301,-80.114435,26.649862
1302,1302,-80.1246,26.65012
1303,1303,-80.132718,26.650352
1304,1304,-80.139225,26.645018
1305,1305,-80.110435,26.653389
1306,1306,-80.110095,26.649753
1307,1307,-80.106015,26.649646
1308,1308,-80.094191,26.652916
1309,1309,-80.090143,26.652775
1310,1310,-80.094139,26.649246
1311,1311,-80.090081,26.649106
1312,1312,-80.100149,26.64582
1313,1313,-80.10057,26.642118
1314,1314,-80.09245,26.64144
1315,1315,-80.083202,26.635879
1316,1316,-80.084076,26.6526
1317,1317,-80.073782,26.622793
1318,1318,-80.071281,26.620251
1319,1319,-80.071856,26.617778
1320,1320,-80.077216,26.62719
1321,1321,-80.078901,26.618045
1322,1322,-80.08612,26.618345
1323,1323,-80.085584,26.630317
1324,1324,-80.092843,26.626813
1325,1325,-80.09427,26.623178
1326,1326,-80.093067,26.618559
1327,1327,-80.100946,26.627113
1328,1328,-80.109112,26.627491
1329,1329,-80.117257,26.627656
1330,1330,-80.125292,26.632379
1331,1331,-80.133774,26.630201
1332,1332,-80.133893,26.627638
1333,1333,-80.134019,26.623606
1334,1334,-80.134234,26.619951
1335,1335,-80.142066,26.629187
1336,1336,-80.15546,26.641655
1337,1337,-80.148915,26.629968
1338,1338,-80.148601,26.624775
1339,1339,-80.147649,26.620254
1340,1340,-80.126888,26.592842
1341,1341,-80.131895,26.616411
1342,1342,-80.109946,26.605314
1343,1343,-80.091603,26.599329
1344,1344,-80.09473,26.58905
1345,1345,-80.113578,26.59059
1346,1346,-80.067228,26.612813
1347,1347,-80.057645,26.64175
1348,1348,-80.057855,26.634982
1349,1349,-80.054381,26.63482
1350,1350,-80.055681,26.625097
1351,1351,-80.047673,26.636469
1352,1352,-80.047452,26.629003
1353,1353,-80.048695,26.597513
1354,1354,-80.040043,26.613664
1355,1355,-80.039285,26.5886
1356,1356,-80.048859,26.585505
1357,1357,-80.051631,26.5575
1358,1358,-80.05353,26.543112
1359,1359,-80.095791,26.575723
1360,1360,-80.108732,26.560515
1361,1361,-80.113268,26.560724
1362,1362,-80.078465,26.542031
1363,1363,-80.08382,26.54266
1364,1364,-80.077512,26.554138
1365,1365,-80.092743,26.548294
1366,1366,-80.093816,26.542462
1367,1367,-80.098496,26.543581
1368,1368,-80.103054,26.541739
1369,1369,-80.108069,26.553406
1370,1370,-80.114345,26.575555
1371,1371,-80.15534,26.540904
1372,1372,-80.126866,26.537047
1373,1373,-80.155673,26.501764
1374,1374,-80.134832,26.509409
1375,1375,-80.135323,26.502026
1376,1376,-80.125171,26.459466
1377,1377,-80.137104,26.461806
1378,1378,-80.157126,26.446392
1379,1379,-80.167512,26.450893
1380,1380,-80.173309,26.449914
1381,1381,-80.152745,26.427833
1382,1382,-80.08233,26.529906
1383,1383,-80.096048,26.529689
1384,1384,-80.121204,26.529963
1385,1385,-80.092256,26.524142
1386,1386,-80.096238,26.524427
1387,1387,-80.086243,26.526045
1388,1388,-80.089241,26.525965
1389,1389,-80.081838,26.523772
1390,1390,-80.055221,26.535875
1391,1391,-80.056864,26.517681
1392,1392,-80.069859,26.50502
1393,1393,-80.061651,26.504738
1394,1394,-80.058735,26.503483
1395,1395,-80.063563,26.481235
1396,1396,-80.065147,26.466495
1397,1397,-80.065907,26.452789
1398,1398,-80.067435,26.428186
1399,1399,-80.068616,26.489162
1400,1400,-80.065222,26.488215
1401,1401,-80.068362,26.466156
1402,1402,-80.071376,26.466474
1403,1403,-80.072451,26.451417
1404,1404,-80.072079,26.456289
1405,1405,-80.069142,26.455185
1406,1406,-80.06957,26.449718
1407,1407,-80.110362,26.480201
1408,1408,-80.076463,26.479977
1409,1409,-80.077492,26.467402
1410,1410,-80.074445,26.463277
1411,1411,-80.077029,26.45069
1412,1412,-80.091743,26.449873
1413,1413,-80.117182,26.463422
1414,1414,-80.112732,26.459741
1415,1415,-80.120439,26.455885
1416,1416,-80.115296,26.455177
1417,1417,-80.120617,26.441418
1418,1418,-80.112035,26.44044
1419,1419,-80.086538,26.432421
1420,1420,-80.086426,26.427086
1421,1421,-80.074488,26.426935
1422,1422,-80.100594,26.411306
1423,1423,-80.100664,26.40381
1424,1424,-80.103856,26.405141
1425,1425,-80.107248,26.408965
1426,1426,-80.110088,26.405188
1427,1427,-80.11929,26.408225
1428,1428,-80.120575,26.401715
1429,1429,-80.115891,26.397576
1430,1430,-80.106403,26.395131
1431,1431,-80.102247,26.391917
1432,1432,-80.118742,26.390589
1433,1433,-80.123643,26.392069
1434,1434,-80.149097,26.420448
1435,1435,-80.149428,26.413006
1436,1436,-80.139558,26.385424
1437,1437,-80.144494,26.384335
1438,1438,-80.141358,26.3803
1439,1439,-80.086633,26.412007
1440,1440,-80.080045,26.413625
1441,1441,-80.088618,26.354669
1442,1442,-80.088814,26.351434
1443,1443,-80.095571,26.341976
1444,1444,-80.076738,26.413888
1445,1445,-80.075223,26.409958
1446,1446,-80.070234,26.414768
1447,1447,-80.064842,26.418945
1448,1448,-80.066349,26.408159
1449,1449,-80.069966,26.372886
1450,1450,-80.068812,26.381924
1451,1451,-80.081802,26.366121
1452,1452,-80.085066,26.35144
1453,1453,-80.087138,26.35139
1454,1454,-80.167714,26.366409
1455,1455,-80.106196,26.35977
1456,1456,-80.20663,26.670896
1457,1457,-80.212044,26.637987
1458,1458,-80.179236,26.402383
1459,1459,-80.19532,26.405159
1460,1460,-80.195135,26.402331
1461,1461,-80.184574,26.375335
1462,1462,-80.176442,26.36974
1463,1463,-80.216136,26.378647
1464,1464,-80.214879,26.334153
1465,1465,-80.210932,26.338202
1466,1466,-80.215002,26.344121
1467,1467,-80.207192,26.346999
1468,1468,-80.192771,26.36603
1469,1469,-80.175417,26.365549
1470,1470,-80.184351,26.361827
1471,1471,-80.176368,26.362382
1472,1472,-80.196095,26.348419
1473,1473,-80.192291,26.331534
1474,1474,-80.189717,26.329143
1475,1475,-80.201032,26.329403
1476,1476,-80.201411,26.333494
1477,1477,-80.152313,26.833047
1478,1478,-80.14466,26.818417
1479,1479,-80.133412,26.81126
1480,1480,-80.143085,26.795555
1481,1481,-80.151059,26.730504
1482,1482,-80.22714,26.715449
1483,1483,-80.231342,26.705007
1484,1484,-80.23148,26.701315
1485,1485,-80.231714,26.695262
1486,1486,-80.216693,26.685983
1487,1487,-80.212207,26.6846
1488,1488,-80.206878,26.687968
1489,1489,-80.206618,26.6987
1490,1490,-80.171787,26.703574
1491,1491,-80.172992,26.695571
1492,1492,-80.165902,26.692974
1493,1493,-80.159783,26.695809
1494,1494,-80.170028,26.688233
1495,1495,-80.162646,26.689059
1496,1496,-80.19593,26.683443
1497,1497,-80.20057,26.682184
1498,1498,-80.200271,26.686041
1499,1499,-80.199663,26.689883
1500,1500,-80.194135,26.689707
1501,1501,-80.187437,26.689837
1502,1502,-80.221324,26.796459
1503,1503,-80.12348,26.940555
1504,1504,-80.12822,26.932931
1505,1505,-80.128541,26.929302
1506,1506,-80.132822,26.925978
1507,1507,-80.113556,26.925083
1508,1508,-80.130234,26.916458
1509,1509,-80.110094,26.839831
1510,1510,-80.106038,26.839782
1511,1511,-80.360728,26.756951
1512,1512,-80.182097,26.687935
1513,1513,-80.177319,26.690046
1514,1514,-80.176093,26.685892
1515,1515,-80.178614,26.68292
1516,1516,-80.175626,26.681033
1517,1517,-80.198987,26.351237
1518,1518,-80.133238,26.899589
1519,1519,-80.075771,26.859975
1520,1520,-80.087508,26.862905
1521,1521,-80.081953,26.828254
1522,1522,-80.119224,26.836191
1523,1523,-80.108302,26.824885
1524,1524,-80.1049,26.758692
1525,1525,-80.105041,26.701203
1526,1526,-80.133367,26.637479
1527,1527,-80.143875,26.637891
1528,1528,-80.147628,26.552325
1529,1529,-80.141808,26.541918
1530,1530,-80.148199,26.548766
1531,1531,-80.168551,26.540797
1532,1532,-80.168522,26.53355
1533,1533,-80.139941,26.480184
1534,1534,-80.215154,26.663042
1535,1535,-80.207265,26.656048
1536,1536,-80.192647,26.674959
1537,1537,-80.199719,26.658123
1538,1538,-80.178187,26.652733
1539,1539,-80.180513,26.369721
1540,1540,-80.197001,26.369735
1541,1541,-80.243144,26.345184
1542,1542,-80.196852,26.366036
1543,1543,-80.115167,26.842177
1544,1544,-80.119406,26.840506
1545,1545,-80.204449,26.385664
1546,1546,-80.139399,26.938801
1547,1547,-80.134972,26.939765
1548,1548,-80.11733,26.711571
1549,1549,-80.115056,26.707772
1550,1550,-80.050109,26.726546
1551,1551,-80.050396,26.721476
1552,1552,-80.048236,26.719918
1553,1553,-80.050611,26.720043
1554,1554,-80.0509,26.718934
1555,1555,-80.052598,26.71817
1556,1556,-80.05262,26.717451
1557,1557,-80.052636,26.716542
1558,1558,-80.052727,26.712825
1559,1559,-80.052761,26.711818
1560,1560,-80.05445,26.711875
1561,1561,-80.054474,26.710885
1562,1562,-80.052783,26.710834
1563,1563,-80.060488,26.709104
1564,1564,-80.229982,26.724066
1565,1565,-80.139851,26.612967
1566,1566,-80.144225,26.613628
1567,1567,-80.11684,26.919293
1568,1568,-80.115542,26.908465
1569,1569,-80.115486,26.902101
1570,1570,-80.107616,26.917338
1571,1571,-80.103327,26.916404
1572,1572,-80.080949,26.6802
1573,1573,-80.140919,26.659796
1574,1574,-80.077511,26.635708
1575,1575,-80.07264,26.610752
1576,1576,-80.15557,26.552827
1577,1577,-80.151221,26.478284
1578,1578,-80.097603,26.429587
1579,1579,-80.119679,26.434082
1580,1580,-80.120285,26.437592
1581,1581,-80.197227,26.561109
1582,1582,-80.177273,26.572482
1583,1583,-80.191897,26.442478
1584,1584,-80.200216,26.441711
1585,1585,-80.311004,26.688374
1586,1586,-80.155864,26.706398
1587,1587,-80.147959,26.705844
1588,1588,-80.127275,26.938329
1589,1589,-80.164361,26.570318
1590,1590,-80.15194,26.487712
1591,1591,-80.211875,26.630102
1592,1592,-80.21387,26.581781
1593,1593,-80.271889,26.746672
1594,1594,-80.297408,26.714191
1595,1595,-80.170088,26.457402
1596,1596,-80.065196,26.809181
1597,1597,-80.185597,26.706887
1598,1598,-80.15266,26.704184
1599,1599,-80.198342,26.706956
1600,1600,-80.108218,26.671692
1601,1601,-80.583259,26.523987
1602,1602,-80.441299,26.770498
1603,1603,-80.482158,26.700825
1604,1604,-80.596811,26.919402
1605,1605,-80.619782,26.868166
1606,1606,-80.630722,26.857961
1607,1607,-80.65135,26.805007
1608,1608,-80.657384,26.822391
1609,1609,-80.674162,26.766243
1610,1610,-80.634662,26.76501
1611,1611,-80.649501,26.736446
1612,1612,-80.672614,26.71944
1613,1613,-80.665034,26.691478
1614,1614,-80.670897,26.692097
1615,1615,-80.677976,26.707691
1616,1616,-80.685951,26.696742
1617,1617,-80.715069,26.724488
1618,1618,-80.719743,26.682982
1619,1619,-80.686141,26.692343
1620,1620,-80.676254,26.687903
1621,1621,-80.669953,26.684664
1622,1622,-80.674409,26.674871
1623,1623,-80.66524,26.683548
1624,1624,-80.66285,26.656687
1625,1625,-80.674894,26.656901
1626,1626,-80.77169,26.630857
1627,1627,-80.787355,26.673837
1628,1628,-80.768524,26.846959
1629,1629,-80.855938,26.671809
1630,1630,-80.791891,26.543125
1631,1631,-80.337229,26.50597
1632,1632,-80.463344,26.383471
1633,1633,-80.422393,26.651782
1634,1634,-80.582945,26.711272
1635,1635,-80.459118,26.898956
1636,1636,-80.593729,26.857228
1637,1637,-80.636573,26.84766
1638,1638,-80.606485,26.828555
1639,1639,-80.632815,26.83466
1640,1640,-80.640852,26.834549
1641,1641,-80.648657,26.833215
1642,1642,-80.639377,26.819593
1643,1643,-80.628863,26.79829
1644,1644,-80.652337,26.791149
1645,1645,-80.654632,26.817026
1646,1646,-80.663338,26.82059
1647,1647,-80.668653,26.817596
1648,1648,-80.662644,26.808974
1649,1649,-80.682064,26.808151
1650,1650,-80.668879,26.793601
1651,1651,-80.685594,26.792271
1652,1652,-80.693201,26.78484
1653,1653,-80.656612,26.776706
1654,1654,-80.673606,26.737272
1655,1655,-80.690654,26.734013
1656,1656,-80.582024,26.769987
1657,1657,-80.517219,26.750566
1658,1658,-80.62338,26.73685
1659,1659,-80.623276,26.711372
1660,1660,-80.643346,26.70401
1661,1661,-80.580523,26.675155
1662,1662,-80.643317,26.718706
1663,1663,-80.65898,26.718077
1664,1664,-80.664797,26.723649
1665,1665,-80.669252,26.715562
1666,1666,-80.671029,26.705255
1667,1667,-80.659769,26.708192
1668,1668,-80.659611,26.700949
1669,1669,-80.67216,26.698536
1670,1670,-80.680028,26.718541
1671,1671,-80.66167,26.686313
1672,1672,-80.656187,26.689129
1673,1673,-80.643601,26.694957
1674,1674,-80.643718,26.684134
1675,1675,-80.624562,26.682591
1676,1676,-80.676059,26.693534
1677,1677,-80.677701,26.700803
1678,1678,-80.681894,26.698634
1679,1679,-80.680596,26.694762
1680,1680,-80.688835,26.704707
1681,1681,-80.697266,26.715155
1682,1682,-80.741045,26.667435
1683,1683,-80.720639,26.665928
1684,1684,-80.721602,26.66222
1685,1685,-80.71826,26.656817
1686,1686,-80.713806,26.662533
1687,1687,-80.714858,26.666231
1688,1688,-80.710237,26.666119
1689,1689,-80.710185,26.658874
1690,1690,-80.717189,26.662082
1691,1691,-80.688144,26.686493
1692,1692,-80.688742,26.680257
1693,1693,-80.688873,26.676476
1694,1694,-80.691349,26.669512
1695,1695,-80.701024,26.667018
1696,1696,-80.703169,26.684771
1697,1697,-80.706142,26.702136
1698,1698,-80.691839,26.695155
1699,1699,-80.68177,26.691252
1700,1700,-80.682163,26.686913
1701,1701,-80.680223,26.683837
1702,1702,-80.674884,26.684085
1703,1703,-80.673063,26.680375
1704,1704,-80.681171,26.680359
1705,1705,-80.682448,26.676714
1706,1706,-80.68201,26.669416
1707,1707,-80.676486,26.66615
1708,1708,-80.672773,26.667992
1709,1709,-80.664747,26.680276
1710,1710,-80.657947,26.679572
1711,1711,-80.668376,26.674769
1712,1712,-80.668608,26.667591
1713,1713,-80.66039,26.671135
1714,1714,-80.646893,26.662489
1715,1715,-80.633245,26.666483
1716,1716,-80.494203,26.605538
1717,1717,-80.630736,26.649288
1718,1718,-80.602989,26.639362
1719,1719,-80.65171,26.631936
1720,1720,-80.683077,26.656618
1721,1721,-80.692736,26.631331
1722,1722,-80.69725,26.658441
1723,1723,-80.735192,26.404141
1724,1724,-80.539731,26.850801
1725,1725,-80.114409,26.671835
1726,1726,-80.118501,26.671927
1727,1727,-80.11836,26.675797
1728,1728,-80.238579,26.670506
1729,1729,-80.242615,26.679294
1730,1730,-80.248217,26.671021
1731,1731,-80.245679,26.675657
1732,1732,-80.249484,26.67521
1733,1733,-80.255029,26.679569
1734,1734,-80.263945,26.671198
1735,1735,-80.263111,26.679908
1736,1736,-80.240308,26.657918
1737,1737,-80.192687,26.533254
1738,1738,-80.198843,26.523916
1739,1739,-80.190537,26.52393
1740,1740,-80.17613,26.516749
1741,1741,-80.183699,26.516139
1742,1742,-80.184377,26.523967
1743,1743,-80.186576,26.533309
1744,1744,-80.197018,26.541571
1745,1745,-80.199981,26.464868
1746,1746,-80.191557,26.464946
1747,1747,-80.191452,26.457432
1748,1748,-80.200211,26.449827
1749,1749,-80.14165,26.375075
1750,1750,-80.1129,26.363234
1751,1751,-80.1036,26.362232
1752,1752,-80.108047,26.362494
1753,1753,-80.131961,26.352293
1754,1754,-80.13651,26.361998
1755,1755,-80.169404,26.369245
1756,1756,-80.093622,26.611419
1757,1757,-80.091772,26.607826
1758,1758,-80.080037,26.630214
1759,1759,-80.081981,26.626519
1760,1760,-80.116602,26.644318
1761,1761,-80.149095,26.695615
1762,1762,-80.051209,26.800591
1763,1763,-80.102731,26.796166
1764,1764,-80.050461,26.794987
1765,1765,-80.294617,26.728435
1766,1766,-80.240405,26.688095
1767,1767,-80.060921,26.788061
1768,1768,-80.212421,26.634004
1769,1769,-80.145367,26.60043
1770,1770,-80.120446,26.586588
1771,1771,-80.109613,26.566361
1772,1772,-80.106634,26.568609
1773,1773,-80.125456,26.359442
1774,1774,-80.077048,26.526018
1775,1775,-80.094342,26.797433
1776,1776,-80.107006,26.675549
1777,1777,-80.196587,26.486886
1778,1778,-80.2085,26.71615
1781,1781,-80.234712,26.824595
1782,1782,-80.310284,26.745392
